90e9cbfe-dc60-440d-b09b-e3ef530a9fd4,1
89bf106c-7c65-420f-8ca9-f03c1731e703,1
e421a6d5-bd25-4049-aabf-84ed85919a93,1
a3aec83f-7792-402a-99ad-b0d38a3a5565,1
364dd05f-1918-4686-83e8-493e6a52527c,1
a195992e-32fd-4ec0-aacc-c88d126dbdae,1
65b8e926-69e7-4744-9b79-8f6cade45111,1
c4f6cf4e-cac6-4e4d-9e43-5ae5a1933e7e,1
c5342926-88df-4be5-8f25-b77522bd5cfc,1
e2c57e8b-77b8-40f9-a5fa-46a6c2ead01b,2
ead9e0a6-bd58-42e6-b8b1-dffa43152f01,2
81aeb1f0-5607-48cc-8e17-e9c133649cd8,2
1b03a617-8f2c-4432-97f2-36f79c2906d5,2
2e027ba9-c6d3-4889-a719-9cbb9d02d64d,2
97d8294a-840f-4fa1-b754-d97a0c154edd,2
fb8661c3-eba0-42f9-9968-0d65fffb3d04,2
e2c57e8b-77b8-40f9-a5fa-46a6c2ead01b,3
ead9e0a6-bd58-42e6-b8b1-dffa43152f01,3
81aeb1f0-5607-48cc-8e17-e9c133649cd8,3
1b03a617-8f2c-4432-97f2-36f79c2906d5,3
2e027ba9-c6d3-4889-a719-9cbb9d02d64d,3
97d8294a-840f-4fa1-b754-d97a0c154edd,3
fb8661c3-eba0-42f9-9968-0d65fffb3d04,3
e421a6d5-bd25-4049-aabf-84ed85919a93,4
02712706-77c9-4929-8ba7-5b6aa552c71f,4
b28f9929-9b71-4158-8a4c-d5929d4ddf8f,4
55caac1c-af8e-4d81-b588-5f5f4a52f319,4
206e9ca8-1124-47d1-8609-376a8c1032a1,4
9dcc9a52-32ea-4bc7-9e06-416da5109147,4
da52109a-da1b-4703-93a7-daa87a513d4d,4
65ee4f54-28ed-42bf-9bb7-2a01345649dd,4
a147b02a-8c2e-4303-bbed-3199756a7f49,4
50e013ba-90e8-42bf-8558-974af7f4a744,4
dee10dca-e2c6-4979-a43e-0f5f14abcd31,4
1fd97d99-3005-498f-9e7a-d7a9806e3197,4
e421a6d5-bd25-4049-aabf-84ed85919a93,5
02712706-77c9-4929-8ba7-5b6aa552c71f,5
b28f9929-9b71-4158-8a4c-d5929d4ddf8f,5
55caac1c-af8e-4d81-b588-5f5f4a52f319,5
206e9ca8-1124-47d1-8609-376a8c1032a1,5
9dcc9a52-32ea-4bc7-9e06-416da5109147,5
da52109a-da1b-4703-93a7-daa87a513d4d,5
65ee4f54-28ed-42bf-9bb7-2a01345649dd,5
a147b02a-8c2e-4303-bbed-3199756a7f49,5
50e013ba-90e8-42bf-8558-974af7f4a744,5
dee10dca-e2c6-4979-a43e-0f5f14abcd31,5
1fd97d99-3005-498f-9e7a-d7a9806e3197,5
e421a6d5-bd25-4049-aabf-84ed85919a93,6
02712706-77c9-4929-8ba7-5b6aa552c71f,6
b28f9929-9b71-4158-8a4c-d5929d4ddf8f,6
55caac1c-af8e-4d81-b588-5f5f4a52f319,6
206e9ca8-1124-47d1-8609-376a8c1032a1,6
9dcc9a52-32ea-4bc7-9e06-416da5109147,6
da52109a-da1b-4703-93a7-daa87a513d4d,6
65ee4f54-28ed-42bf-9bb7-2a01345649dd,6
a147b02a-8c2e-4303-bbed-3199756a7f49,6
50e013ba-90e8-42bf-8558-974af7f4a744,6
dee10dca-e2c6-4979-a43e-0f5f14abcd31,6
1fd97d99-3005-498f-9e7a-d7a9806e3197,6
e421a6d5-bd25-4049-aabf-84ed85919a93,7
02712706-77c9-4929-8ba7-5b6aa552c71f,7
b28f9929-9b71-4158-8a4c-d5929d4ddf8f,7
55caac1c-af8e-4d81-b588-5f5f4a52f319,7
206e9ca8-1124-47d1-8609-376a8c1032a1,7
9dcc9a52-32ea-4bc7-9e06-416da5109147,7
da52109a-da1b-4703-93a7-daa87a513d4d,7
65ee4f54-28ed-42bf-9bb7-2a01345649dd,7
a147b02a-8c2e-4303-bbed-3199756a7f49,7
50e013ba-90e8-42bf-8558-974af7f4a744,7
dee10dca-e2c6-4979-a43e-0f5f14abcd31,7
1fd97d99-3005-498f-9e7a-d7a9806e3197,7
