2ed43f0f-98dc-4534-81b1-a54265b30a3d,1
e7d229dd-adb0-4862-b913-c23ddd345e91,1
8421a851-3d81-48c8-8334-0fb99b6aa447,1
ae2611c5-63d8-434c-9a11-274ec8439c1e,1
6b18db01-4073-466a-87fd-89018f02e9f4,1
d18f3c8a-1dfd-494b-a3bd-6a817fe6cace,1
17459c26-52b9-424a-aba2-da761aa12eee,1
17459c26-52b9-424a-aba2-da761aa12eee,2
8421a851-3d81-48c8-8334-0fb99b6aa447,2
ae2611c5-63d8-434c-9a11-274ec8439c1e,2
e5a24d1a-51f0-4e66-8786-51e2a127d01a,2
c02c4b94-ef83-4fb5-998f-ab46299e3b12,3
d18f3c8a-1dfd-494b-a3bd-6a817fe6cace,3
f916b29f-cfe3-4cf5-9362-6b1967e3bdca,3
6b18db01-4073-466a-87fd-89018f02e9f4,3
8421a851-3d81-48c8-8334-0fb99b6aa447,3
9fd63557-c41b-4fc6-a7f5-884582c282ed,2
9fd63557-c41b-4fc6-a7f5-884582c282ed,1
9fd63557-c41b-4fc6-a7f5-884582c282ed,3
41109851-ea1b-40a3-bca0-41534b6c4181,2
b1d860f0-0afb-45d5-bcec-9eb8b02827bc,2
2d0a8b80-4c4e-45fb-83fa-85f074c98055,1
2d0a8b80-4c4e-45fb-83fa-85f074c98055,2
f7f21b39-c153-4c44-b6e5-a7497178d9fb,1
f7f21b39-c153-4c44-b6e5-a7497178d9fb,3
312f4fca-ca55-47a2-aa2f-afa24cd64ef4,1
312f4fca-ca55-47a2-aa2f-afa24cd64ef4,2
71b7a463-382d-41b3-8dea-1d7f9c563856,3
43f39d86-8a2c-4139-887e-b2af95ddca78,1
43f39d86-8a2c-4139-887e-b2af95ddca78,3
c5eabfaf-0e2b-42a5-8351-f12a9b36edef,1
c5eabfaf-0e2b-42a5-8351-f12a9b36edef,3
e7d229dd-adb0-4862-b913-c23ddd345e91,3
ae2611c5-63d8-434c-9a11-274ec8439c1e,3
408c9d6e-83aa-4875-8100-e6bc09ebe324,1
408c9d6e-83aa-4875-8100-e6bc09ebe324,2
408c9d6e-83aa-4875-8100-e6bc09ebe324,3
